T95018,T61609,T71025,X55715,T52185,T57633,R78934,T51529,M26697,T51023,D63874,T57630,M36981,M76378,M63391,M76378.2,T79152,H64489,X15183,X14958,Z50753,D31885,U30825,T60155,H40560,R87126,M22382,R42501,T51571,X12671,X70944,M76378.3,H40095,X70326,Z49269,T92451,Z49269.2,R75843,U29092,H43887,H11719,T86473,X12466,R08183,R36977,M80815,U09564,L08069,R84411,T96873,X74295,T40454,X12496,T47377,T62947,L05144,U26312,H77597,R64115,J02854,L41559,L25941,X86693,X74262,X63629,X13482,T83368,M36634,R52081,T86749,H87135,M26383,D42047,T67077,D00596,X53586,X54942,H20819,U17899,J05032,H08393,H06524,U32519,H55916,U25138,U19969,X56597,M91463,X62048,D29808,T60778,M64110
0.20364046,-0.22179696,0.014465837,1.4625133,0.2627336,0.96982305,0.19325494,-0.34304664,-1.2437589,-0.24056666,-0.34062081,0.92861128,-1.0123331,0.049457684,-0.086570541,-0.002484031,1.9036617,-0.39551455,0.85334579,0.6959145,0.38170231,0.73063981,-0.66811059,0.40573236,-0.13745838,1.0217108,0.33258842,0.005797901,0.14664555,0.32933811,0.98601781,0.34070375,0.236995,1.6067187,0.34425042,0.094327605,0.25494313,1.8132879,-0.30946877,-0.74793478,-0.97420577,0.27442216,0.25336081,0.5944798,-0.20601625,-1.0805803,-0.25660592,0.11503698,1.0589365,-0.94430752,-0.90247689,-1.8135393,-0.23758697,0.64229326,-0.32778021,0.84078067,0.92349543,-0.43084573,1.9026736,0.34809459,0.66458172,0.19446087,-0.64601922,0.10197742,0.81255301,0.6569397,0.58405882,-0.77462446,-1.8169636,-0.75487313,-0.36076032,-0.51715188,0.86510098,-0.060233196,-0.10203654,0.54770019,-0.15092429,0.044225236,-0.15949444,-0.67979129,0.23224243,-1.4033672,0.68903294,0.40935239,-0.37139177,-1.179751,-0.62254977,0.52081073,-1.0889848,-0.29445964,0.044116939,0.41810319
-1.2943217,-1.9002859,-0.90494407,0.36503495,-1.7354394,-0.24868898,0.58867846,-1.3002775,-1.0447599,-1.1686267,-2.6845281,-0.48761235,-1.4121116,-0.47115098,-1.0606808,-0.58939752,0.069094835,-2.1448213,-0.13977271,-0.85034465,0.67759428,-2.0174743,-1.1455126,1.027711,-2.8147796,0.68482803,-2.6164901,-0.70837545,0.64315729,-0.27175946,-1.2751284,-0.08615453,-0.57275779,-0.086908287,-0.14874728,0.18260228,-0.1030038,-0.73283546,-2.6755256,-0.11158882,2.1191054,-0.003754546,-1.0041198,-2.0918697,-0.8694533,-1.5086256,-1.4076249,-1.9333089,-0.60539442,-1.8488697,-0.35059453,-2.3993257,1.6044527,-0.91523218,-0.58807729,-0.92100954,-0.65437051,-0.64654147,-1.0791409,0.74048675,0.056749928,-1.0087955,-0.2447169,-0.84713473,1.0292608,-0.72963126,-0.79592435,-0.55280261,-1.0412939,-1.0093769,-0.9053415,1.0322987,0.10161995,2.1180282,0.33641886,-0.84437489,-0.72996134,-0.3943387,-1.4906945,-0.50805774,-1.1133263,-0.19635112,-1.9958745,0.58205805,-0.72396017,-1.2212557,-0.56376525,0.95198763,-0.63009855,-0.60218014,0.90732336,0.4989908
0.70838137,1.244371,0.00972858,-0.46178157,0.24298179,-1.6649488,0.28218843,1.0181717,0.49183622,2.8320339,1.7006983,-1.3860833,0.44885902,0.25469128,0.16250355,0.13030874,3.073005,0.06578919,0.05757851,0.31349999,-1.1863346,0.07688853,1.0210693,-0.17799529,1.4178046,-0.62987137,1.4810762,0.68271012,-0.10266519,-0.43341667,-0.51932979,0.45388783,0.73481434,-1.2942857,0.08489737,-0.20648027,-0.09030734,-0.50325772,-0.8743515,-1.3587923,0.01353521,-0.22984805,0.07702728,1.2466923,1.4460579,0.09445091,0.16910835,1.0936177,0.40715339,0.46356143,0.46474619,0.11826373,-0.97371892,0.23964537,0.78968044,-0.62780976,-0.68669822,-0.60869914,0.43843652,-0.29322542,-0.86748133,-0.34534996,-0.06631924,-1.715357,0.35117576,-0.12183873,-0.67446209,-0.41900441,0.67249822,0.43908424,0.44307348,1.0845539,-1.0595174,-0.14518015,-1.7102566,-1.9639688,0.33512249,-1.468176,0.53135724,1.0446916,1.288613,-0.05803889,-0.64769811,0.92019953,0.09339931,0.094473,0.13464877,-0.40636159,0.43507413,-0.55617415,-0.43122357,-0.60869134
0.37802566,0.65616681,-0.33516654,1.7222614,0.70105012,1.0795168,-0.20632436,0.53356751,0.88344233,-0.46616762,-0.10919179,1.2900453,0.15798845,-0.87910353,-0.94179142,-1.027529,0.4315355,0.31954803,1.3884932,0.04664009,-0.20444813,0.63653608,0.2917036,-1.3747717,0.93862681,-0.78779368,0.52602679,0.19720369,-0.62682134,0.74173929,0.29305343,-0.53594686,0.22425697,0.60414541,-1.3263292,-1.1535641,-1.454034,1.2343654,0.27317018,-0.57279231,-0.24363166,1.1428285,-0.19251347,0.11357094,-0.18132933,-0.23241921,-0.71284159,-0.16418674,-0.72260304,-0.36576582,-1.0831606,0.01171403,-1.1105027,1.2922151,0.06995331,-0.35904783,0.49517141,-0.42800157,0.60880472,-0.39593873,-0.33978337,0.85855819,-1.5543166,0.7664652,0.41311921,0.75018321,0.12005189,-1.0104921,0.2619039,-0.43258496,-0.38313944,2.4665386,0.33038992,-0.44493905,1.0411143,0.7561459,-0.46573542,0.25916667,-0.04979674,0.02545509,0.17001789,-1.1844158,-0.60824917,0.71897535,-0.60863263,-1.1351134,0.67878514,0.4719015,-0.78956945,0.01341031,-2.4008348,-0.84920515
0.020133341,0.45761428,-1.1280773,0.56523348,-1.3041873,0.003313996,-0.45874339,0.71724345,1.2664889,0.56196888,-0.48099482,-0.59463699,1.8712485,-0.32629905,-0.74911495,-0.33742048,0.51667674,-1.3521598,0.90289519,0.99067403,-1.0734265,0.64022693,2.1987845,-0.75798975,-0.9418295,-0.94733467,1.2129931,0.80761823,1.523304,0.73048402,0.045776736,0.003654403,1.3301655,0.1369681,-0.55185877,-0.49863172,-0.35180472,-0.017606051,0.26365339,-1.4587289,-1.1444054,2.0349888,1.6593608,1.7936321,2.4793562,-0.27143137,1.8556427,1.3104899,0.65552964,0.32163692,-1.8838292,1.3359622,0.17301608,0.87906135,1.4965146,-2.3402814,1.2176304,-1.4716405,0.67166596,-0.29336674,0.21825622,1.2320544,-1.2357305,1.660523,0.98917485,0.19558537,1.8656511,-1.6301629,0.32605385,0.98494327,0.40479475,0.96471099,-0.001096989,0.18091996,0.3565762,0.34014663,-0.78673314,1.2197589,-0.24637231,1.991412,1.0159643,-2.1662318,1.0384823,0.80460771,-1.207372,-0.53847522,-1.076327,-1.1046904,1.4539767,-0.22637108,-0.82359015,-1.493731
0.013497,0.39653457,-1.7024912,1.2087163,0.73100208,1.0690903,-2.1476537,0.08244388,0.77375449,0.45000443,1.5973697,1.1474211,0.46674906,-1.3533747,-1.1957589,-1.3475995,0.80662584,-1.0417526,1.5486309,0.49812633,0.03719288,1.0926772,0.88637401,-2.2588709,0.42225723,-0.69262898,0.8596374,0.81804996,-1.1221814,0.78505375,1.0063729,-0.57644776,1.023724,0.79079045,-0.69209225,-1.7078282,-0.49712521,0.9417593,1.9641165,-0.67530239,-2.6009943,1.6462069,-0.8899427,0.05531908,1.9957084,-0.99483405,1.5985093,0.29285011,-1.5838991,0.12858661,-0.29733284,0.11353163,-1.5693104,1.1088569,-0.0394218,0.62790775,1.5171223,-1.1528846,1.833168,-1.5871052,1.4356566,-0.65254771,-0.24621857,2.4126369,1.6927583,2.0404301,-2.3691761,0.08188966,1.6136221,0.69933768,0.44167217,-0.36361949,-1.5824411,-1.4246025,0.65884188,0.54114806,0.2161712,1.7057467,2.0023568,0.6873439,1.2566157,-0.55775111,0.12566941,-0.95826411,0.36151919,-0.55329898,1.5838512,-1.1551222,0.58871673,-0.08949135,-1.1281191,-0.63938497
1.308645,0.73035743,0.53844689,-0.44191898,0.9889908,-0.82104934,0.44689223,0.44248171,0.23250572,0.29124364,1.5927034,-1.1118844,-0.52612548,0.24478914,0.11115902,0.32099069,-1.2666895,0.27160896,-0.55240801,0.17428994,0.25417833,-0.33524763,-0.070213526,0.18525697,1.2238645,0.097260322,0.4649721,-0.18033111,-0.67413236,0.30337095,-1.1488929,0.62672239,-0.37688303,0.008523583,-0.11964784,0.007333081,0.056618056,-0.76909178,0.22375206,-0.45775034,0.21755802,-0.319979,0.47260718,0.34476124,1.0919596,0.12502366,0.88777454,0.29200349,-0.011551893,-0.47031597,-0.35955563,-0.37734406,-0.92090056,0.6922392,-0.43459733,0.8603012,-0.042669359,-0.022874184,-0.23467161,0.1504026,0.021690943,0.010185497,0.030502313,-0.89556568,-0.050160847,-0.75374448,0.88748553,0.27075513,-0.20989854,0.1722534,0.65861945,-0.12146457,-0.6930977,0.60171093,-1.6533759,-0.58166298,0.4427631,-1.0443215,0.090233324,0.20581174,1.2139358,-0.11428005,-0.080278585,1.9072937,0.1020108,-0.18048052,0.34049984,0.043096186,-0.111669,-0.63705501,-0.2363202,0.15461051
1.3867693,0.77038316,0.83312975,-0.02724773,-0.26508371,-0.15725282,-0.01442402,0.51274167,0.35784442,0.60502802,-0.31700181,-0.2345968,0.763968,0.14884255,-0.15946823,0.16291928,-0.01231834,0.05272037,0.20001424,0.33392584,-0.71080809,0.24757533,0.87477555,0.23382868,-0.12419945,0.30903641,0.26533913,0.91530446,0.74260322,-1.1794673,-0.91355309,0.4671532,1.36311,0.3312251,-1.2065155,-0.38372337,0.07267601,-0.58175477,-0.01695579,0.76498886,-0.16467426,-0.87955417,-0.41840714,-0.09279696,0.79600988,0.25987918,0.32103926,-0.28386245,-0.21257577,-0.3542667,-0.88346577,0.57744122,-0.21038778,0.63735381,0.88193907,0.14555193,-1.0245126,-0.34254157,-1.154755,0.08150406,-0.9252384,0.18871781,-1.0149743,-0.74063763,0.24414912,-1.0533913,-0.52181092,-0.35631769,-0.39875144,0.1181458,0.60276091,-0.50953285,0.04093165,0.72396509,0.09490794,-1.0361847,-0.06328545,-0.812033,-0.07487503,-0.36426971,0.87586409,-2.1855281,-1.0756823,0.06131175,-0.23066523,-0.6719955,-0.35726511,0.0469012,-0.1291876,0.06678634,0.7418076,-0.42490783
1.7759483,1.4520612,-0.23603237,1.2447503,0.25645573,0.65414764,-1.4352094,1.500706,0.91870025,0.86197236,-0.17139769,-0.058255075,0.66555224,-0.40728259,-0.66284205,-0.42281101,1.7247606,-1.9553534,1.4760335,0.078156199,0.5896701,1.0278876,1.2113627,-0.9080718,-0.25432593,0.18371911,0.63967876,-0.056385358,-0.080218707,1.0180446,-0.5460566,-0.30762583,1.230852,0.25446046,0.081867854,-1.8085978,0.31226428,0.029200617,1.3149195,1.1767337,0.88356365,0.51715962,0.12493586,0.19925262,1.5200622,-0.16161827,0.31490805,0.56736736,-0.003325339,0.33308526,-0.72641146,-0.94520315,-1.0880497,0.90648334,1.3209279,-1.4488354,0.26389259,-0.46513674,1.0409032,-0.65606691,1.6186325,-0.072998029,-0.45535554,0.27768396,0.41660475,-0.04184384,0.44991307,-0.82038087,0.47094909,0.31601787,-0.51637273,0.57474363,-0.25805294,0.079820101,-1.0268333,0.9711041,-0.57439018,1.077184,0.16272938,1.2331439,0.84430735,-0.40661495,0.59082963,0.088575448,-0.06485184,0.15973621,-0.52137809,0.37761601,-0.5717594,-0.42872722,0.99568725,-0.36530656
1.2976954,1.5213912,-0.87941973,0.50235624,-0.16227646,0.36420374,-0.69473205,1.0549812,1.2861616,0.68103497,-0.42641522,-0.93197138,1.2630538,-0.84555025,-0.73018997,-1.0647844,0.34832001,-0.36130128,0.24483393,0.55439859,-0.85513506,0.76913691,1.6585794,-1.2707878,-0.33912394,0.03579728,1.193086,0.7787597,0.05922804,0.22431366,0.41569449,-0.51144735,0.30746908,0.33883191,-0.57392043,-1.6455998,-0.47320057,-0.21696837,1.3965306,-1.4137512,-0.66175811,1.1380791,0.26002434,1.0357496,1.6335716,0.94448785,1.4700968,1.6724649,0.91252462,0.46679203,-1.477135,1.1115764,-0.55938456,0.90019155,1.1088682,-0.37380471,0.45552851,-2.5945223,0.9633757,-0.93757541,1.038899,1.0049542,-1.6420728,0.47932239,1.0180307,-0.43372321,-0.07302303,-2.0352124,0.53103062,0.86735374,0.97820369,0.65956123,0.26680815,-1.1198223,0.25925085,-0.51391847,-0.03974637,0.57628488,-0.11342387,1.3182232,1.5442071,-2.2279774,0.16446459,0.337008,-2.0410712,-0.7086345,-0.07890643,-0.71957628,0.87291136,-0.7290537,-2.5639988,-1.2065795
-0.47653119,-1.2189402,-1.2737992,0.61558434,0.36602443,0.56123432,-1.1352742,-0.78540541,0.66593269,-0.35280519,-0.02687521,-0.20279279,0.2225087,-0.96564334,-1.4548494,-1.1400339,0.65375072,-0.45559193,0.51234246,-0.09994186,0.19660284,1.2349778,-0.21405108,-1.3246,0.37366502,0.37104051,0.59270175,-1.59347,1.4178009,0.51605077,1.3407865,-0.64530402,0.07175267,1.0371672,-1.0536453,-1.7252524,-1.4604046,1.608666,0.68103082,-0.75401132,-0.09914849,1.0629917,0.80251215,1.0389157,-0.35953897,-0.96121508,0.30953772,0.37140967,0.66798983,-1.0565359,-0.74887121,0.05747547,-0.91851263,0.75176083,-0.20174977,-0.79132961,0.35396151,-0.80188202,0.70289417,-1.0342476,0.04831543,0.1147232,-1.8836549,1.4188394,1.3654062,1.1487594,1.3338675,-0.56019499,-0.99136176,-0.07358104,-1.1911385,0.18257283,-0.04011104,-0.53098389,0.48289172,0.85862289,0.6142431,1.0114211,0.16546446,-0.53332948,-0.08510491,-1.7393599,0.81153001,0.36128104,-1.0874969,-1.3757733,-0.22150763,-0.26801813,-0.39194304,-1.9725959,-1.6060742,-1.4928618
0.97163426,1.7725687,-0.30380346,0.063249276,1.3512408,-0.68544477,-1.4561279,1.8565669,1.4021401,1.1541224,1.1350636,-1.1157994,1.1721486,-1.0755225,-0.79754763,-1.0033856,-0.6445374,-0.16639148,-0.25040669,1.5049452,-1.0501126,0.49612575,2.0573306,-1.6429244,1.8020826,-0.9376677,1.0293036,0.30379312,1.3863264,0.022943104,-1.8111932,-0.54674464,-1.8609437,-0.50456735,0.009973227,-1.1128162,-0.014314794,-0.94835811,0.62807253,-1.3375743,0.82255572,0.45155449,0.3737809,0.40355057,2.2726504,0.88302902,0.72887649,1.060745,0.80311644,2.0036766,-0.28864653,0.13512003,-0.38124937,-1.486354,1.8145614,-1.8719945,-0.27234063,-0.18373794,0.61408059,-1.5151091,0.28182892,-0.78528781,-0.82050215,0.43659013,-1.1241012,-0.64528126,0.62067428,-0.30732701,0.4812795,0.95957232,0.21515537,2.1525924,-2.0913666,-0.87090033,0.085281758,-0.33696162,0.14348368,-0.92893111,1.7871384,0.70063112,1.1190794,-0.70824565,1.1617445,-0.99965758,0.37145822,-0.094513627,0.60281848,-0.31460701,1.01771,2.2937093,-1.6322703,-1.1987177
1.4872086,1.2243266,-1.1354878,0.3589945,0.076027312,0.41612367,-0.62464036,1.2610885,0.92686418,0.56395282,-0.52366662,1.2072067,1.2710221,-0.7640315,-0.94704937,-0.87371961,0.064327035,0.76534566,-0.33989862,0.36182157,-0.91041031,-0.13593384,0.66176168,-1.9149353,-0.20819896,-0.4082704,0.52531184,1.6190464,0.73501293,0.063289871,-0.079662474,-0.68221952,1.1219318,0.59210021,-0.21736823,-1.3681004,-0.62926735,-0.34046989,-0.83395748,-0.73613812,-0.18294126,-0.32168795,0.25310685,0.11859884,0.58085717,0.50942781,0.9899721,-0.19195508,0.34247405,0.12881849,-1.3987887,0.86080273,-1.1183628,0.90516371,1.2839505,-0.64185111,-0.85940085,-1.161795,0.27869596,-0.85187553,0.098535567,-0.063276014,-1.2759656,0.7355331,0.8667672,-0.71304196,0.6067301,-0.85228077,0.49259259,0.88512068,0.003216411,-0.70068631,-0.25381994,-1.3025319,0.10592111,0.64265522,-0.1412203,-0.24887785,0.68461433,0.27248263,0.66385998,-0.54417083,0.72032294,-0.22615607,-0.50040619,-0.78437351,-0.28923707,0.069339599,-0.060760055,-0.74584092,-1.4092437,-2.2108107
-0.20796258,-0.07976364,-1.9713294,1.0131281,0.97868783,1.1235096,-0.38284482,0.39455185,-0.22680388,-0.19518434,1.6863787,0.43487684,0.09373256,-1.303713,-1.7444612,-1.3601213,0.77071359,-1.9632215,1.4939562,0.32322591,-0.65881104,0.43631022,0.07620142,-0.66959904,1.4704693,-1.2448463,0.24610197,0.54056468,1.4172882,0.92225083,0.762844,-0.88610279,0.80194157,1.1583938,-1.4359925,0.29950965,-1.5672383,-0.16724345,1.0290312,-1.025265,-0.22581516,1.7703868,1.781385,1.540256,0.14128833,-0.63268705,-0.17731719,0.6147925,1.6445119,0.42198665,-0.95596177,1.0900273,-0.73033959,0.76305376,-0.6907168,0.59799613,1.4600656,-0.94781141,0.3970062,-0.71630453,0.46771013,2.0923593,-1.125043,0.55858991,0.62975639,1.2777622,1.1107879,-1.1043724,0.45421426,-0.05645299,0.63081944,0.27532468,0.16468591,-1.0431549,1.2311724,0.98002612,1.4172207,0.96230077,1.5141583,0.65826214,0.05767269,-0.659859,-0.46055695,0.91170761,-0.43575762,-1.1996611,1.4982635,-0.28037207,-0.98839349,-0.66257581,-1.2354912,-0.5404738
-0.011856684,-0.15171828,-0.46426678,1.3965321,1.5104316,1.1186824,0.17596281,-0.44019008,-0.50311642,-0.78370747,1.5346452,1.3534573,-0.46363694,-0.20355927,-0.48102887,-0.26597166,0.58280361,-0.089787768,0.62963564,-0.24072356,-0.69908894,0.73993825,-0.65976062,0.30040431,1.3470331,-0.81648942,-0.84294172,-0.8266383,0.19333502,1.4080155,0.67904214,-0.06740418,-0.17832036,0.95118676,-0.70114048,-0.037035563,-0.70840142,-0.079946294,0.32109659,0.009597339,-0.089410865,0.37275386,0.49853166,0.22466538,-0.84265002,-0.44438534,-1.3427262,0.035887996,0.41657283,0.06885927,0.048571712,-0.50450622,-0.2249899,1.6194664,-0.060719444,0.40667725,1.0535262,0.34190018,0.10527422,-0.30774992,0.87042488,0.12112236,0.40711581,0.11402118,0.4547841,0.51707128,1.0760362,-0.079370413,-0.61074066,-1.1874739,-0.2274735,0.4751419,-0.15447061,-0.37969794,0.78509877,1.1186021,1.0369486,0.1839237,1.1986529,0.27512382,-0.16767414,1.4728423,-0.42671795,0.60810515,0.11162495,-0.75143511,1.15551,-0.99615056,-0.1888248,-0.57984135,0.2059655,-0.25384421
1.1828364,0.8797494,-1.1365822,0.70874245,0.94888193,0.8788546,-0.33068411,0.72324232,0.78909843,0.22432315,1.0930191,1.2811845,1.2261184,-1.2677018,-1.1899854,-1.217244,1.0382394,-0.64168383,0.81015532,0.42532435,-0.93959818,0.29584898,-0.32346261,-0.50596222,0.95898899,-0.87756827,0.92638517,0.84816815,0.63934683,1.0506257,0.44252901,-0.80632722,0.60827594,0.088096477,-0.96846425,-0.72182937,-1.4394578,0.67632012,0.063996716,-1.6427671,0.080001181,1.6323558,1.6638652,1.1864951,0.14342992,-0.8538808,0.13771123,-0.047761561,2.1076891,0.77500949,-1.1085129,0.37706494,-0.43408704,0.50350513,-0.18843789,-0.6357598,0.68843329,-0.77145926,1.5831605,-0.62403758,-0.6524771,1.7985086,-1.0564492,0.3708547,0.86268041,0.53972699,1.6565385,-1.619476,0.53172026,0.95083817,-0.58372786,0.40729686,-0.12768217,-0.16933907,-0.66968741,-0.18116114,0.46950294,0.71047104,1.3486091,0.86574474,0.92449429,-0.71473341,0.434434,0.641421,-0.55325343,-1.454176,1.1318172,0.006392731,0.76698346,-0.20598907,-0.65846442,-1.0610563
-0.48380039,-0.79223792,-1.3413541,1.0805381,1.5649625,0.78117582,-0.007883748,-1.4397337,-0.20356207,-1.6692089,1.5330661,0.63500621,-0.091641873,-0.94888247,-1.122386,-1.0716081,1.0059743,-1.1100532,0.37952867,-1.1482924,-0.77761453,0.65869382,-0.75234771,-0.2049245,1.0396919,-1.0378859,-0.87884925,-0.7862751,0.47812702,1.0092573,0.21768012,-0.77333155,-0.69207909,0.94175044,-1.5692003,-0.81583733,-2.5006214,0.26636583,0.062243932,-0.71968536,-1.3235414,0.72597992,1.0519865,0.70360821,-0.30847726,-1.543951,-0.012359724,-1.0990402,0.74507347,-1.0051458,-0.46061109,-0.35883416,-0.20407927,0.23336436,-0.36620489,0.3197212,0.78114592,0.17417858,0.74418618,-0.08628756,-0.098833592,1.3684405,-0.064529897,-0.008070962,1.0262246,0.28169706,1.1100468,-0.44123023,-0.24195245,-0.64982591,-1.0827925,-0.81478847,-0.61172442,-1.0920878,-0.11054471,0.80939815,0.56975752,1.0769345,1.2179081,0.78073014,-0.051425939,0.3868341,-0.16867016,0.5779024,-0.066617366,-0.76986084,1.9933601,0.21399591,-0.95472721,-0.30795998,0.079698276,-0.21332795
0.42728504,0.42790857,-1.0313691,1.2751107,1.2501559,1.2363268,-0.49362849,-0.22347252,0.04894392,-0.27702852,1.2926171,1.2485311,0.3035278,-0.54955546,-1.1307634,-0.63042296,1.0059319,-0.33140748,1.3132193,0.07975102,-0.40312245,1.3706175,-0.09817584,-0.81099668,1.1091947,-1.1832788,0.06279349,0.50486275,-0.40062966,1.7755729,0.83020156,-0.36459116,0.29471852,0.82348399,-2.3193618,-1.3772089,-1.8234491,0.91203057,0.77050033,-0.40049834,-0.57955281,1.1501906,0.51134533,-0.11327355,0.17182743,-1.5644471,-0.75225468,0.38672371,0.12786737,-0.24511234,-0.64457443,0.08404053,-0.39496481,1.5564223,0.55667071,-2.2715558,1.278861,-0.3272099,0.50595215,-0.61115846,0.78137983,0.24333299,-0.36350567,1.5202001,0.96358104,0.86835432,0.66314204,-1.2576309,-1.0987204,-0.44614627,-1.7332403,0.14601144,-1.173197,-1.1941493,2.0134837,1.1061326,0.90158408,1.2137109,0.9192071,-0.30492906,-0.55427398,-0.28973911,0.59581155,0.6352704,-0.25195543,-1.0112995,0.82291944,-0.76704532,-0.35622679,-1.4482351,-0.80816389,-0.16921275
0.17116456,-0.62236613,-0.41617696,0.43668977,0.57013988,-0.28658851,0.77848598,-0.57812726,0.25866841,-0.34597877,-0.29618916,-0.097902266,0.13835121,-0.27085419,-0.98045154,-0.26944098,-0.013305657,-1.1771791,-0.44377924,1.2795521,-1.0383888,0.53699461,0.14947235,1.3713069,-0.087766882,-1.0518439,-1.0872117,-0.23104376,1.6119795,0.21548412,-0.68335277,0.018912977,1.1817438,-0.43409025,-0.47490681,0.14768599,-0.405732,-0.7562176,-0.59408748,0.007530393,2.094455,-0.6663578,0.5235507,-0.95051687,-0.094672545,-0.74444221,-1.3699121,-0.94760684,0.28320281,-0.93457656,-0.71320083,-0.3533563,1.3769671,0.44069255,0.77726504,-1.5730844,-0.34831783,-0.77999985,-0.51963596,0.41498082,-0.67986396,-1.0171868,0.25421333,-0.74053178,1.0702663,-1.1275769,-0.054365338,-0.90361234,-0.40084245,0.17421044,-1.2454571,0.11868954,-2.0828384,-1.1135498,-0.87954647,0.17105293,-0.71040599,-0.84299665,0.78802177,0.77058288,-0.86006087,0.2684734,0.45462124,0.28876301,-0.35451308,0.17854365,0.10340038,0.090402578,-1.1185903,-0.97037468,0.45436061,0.3859789
0.11546132,-0.15269106,-0.40705827,0.6195811,-0.15159571,0.46201777,-1.0303157,-0.19234002,0.34602964,0.53994672,1.3354744,0.25628312,-0.009824461,0.4995786,0.32655828,0.26123139,0.19098257,0.22034232,1.5637879,0.82256973,-0.68243594,1.0896026,-0.27736283,-0.018116507,0.84862519,-0.54468807,0.14278481,0.47883008,-0.045845304,0.67931875,0.86097665,0.15471474,0.38206819,1.588093,0.42845975,-0.69608078,0.41788104,0.36990806,1.3511465,0.60687482,-1.1931884,0.152462,-0.4778042,-0.8481581,1.0317901,0.1724389,-0.11550256,0.84083579,-0.78295132,0.5556774,0.95576299,0.91679133,-1.200552,0.95583379,-0.15133768,-0.080048921,0.99265845,-0.16214389,0.45376809,-0.4670414,0.58411994,-0.082111918,1.0211315,0.30192394,2.0022437,0.30957125,-0.40536952,1.1968234,0.90353288,-0.093064099,0.33785247,0.34681961,-2.7478226,-0.76226969,0.13809792,0.98549921,0.57775085,1.0769234,0.22459418,1.7134609,0.80151594,0.67613981,0.32195524,-1.1372259,0.21644784,1.0345424,0.41526003,-1.1251887,0.392505,0.29106754,0.55478679,0.98574959
1.3625725,1.2587083,-0.57386718,1.1101579,1.6310377,1.3065092,-1.7356896,1.490993,1.2151058,1.2660026,0.07895489,1.6421506,1.0475095,0.0069418,-0.68810397,-0.01551254,0.69924095,0.43815871,1.0746113,1.3742977,-0.60383474,0.5507649,0.3546323,-1.052527,0.88891045,-0.72203572,0.90098657,1.5049081,-0.51246933,1.4491683,0.63749427,0.0385499,1.2893915,1.4656039,-0.49089889,-1.8862139,-0.25452411,0.36062991,0.49465175,0.66900489,-2.1091885,0.77326919,-0.23588926,-0.15940863,0.21320683,0.20735005,1.6497013,0.11991914,-0.42092051,0.95574714,-0.43621405,0.57621295,-1.6462026,1.3648208,0.93125231,-0.2409859,0.73879416,-0.42816165,0.28244591,-1.2114773,-0.10605614,-0.35089487,-0.83144766,0.10983909,1.1226279,1.0206397,-0.29596886,-0.10260007,0.88503839,0.77704412,0.79402528,0.09142096,-0.39900428,-0.63274809,1.4236885,2.1239603,0.33223849,1.5694543,0.60844964,0.53723066,0.9569453,0.09994628,0.71841842,-0.13558693,-0.08048891,-0.50548748,1.4972399,-1.7282563,1.4386708,-0.26070737,-1.0303696,-1.0681733
0.56340746,0.022969689,-0.88182194,0.67898263,0.92731139,-0.59648776,0.20085891,0.34635158,1.1691608,0.65842745,0.891634,0.36638328,1.1591371,-0.58039519,-0.22040423,-0.13583103,-0.004196179,-0.21094046,-0.69349688,0.42937404,-0.95533826,0.12336782,0.3047578,0.36243754,0.24786623,-0.90688666,1.1675023,0.23397309,0.18620206,0.95611653,0.28795403,-1.0397361,0.39821524,0.16803909,-0.38104474,-0.014213815,-0.42286951,0.79394502,-0.33612391,-1.4863014,-0.51120436,0.69010146,0.72687812,0.85543007,-0.13871431,-0.4192766,0.95312608,-0.80141587,0.81476039,0.29687162,-0.17742637,0.55590816,-0.47738842,-0.11857411,-0.052310806,-0.3627312,0.32669063,-0.76178189,0.59683416,-0.64839867,0.49794979,1.0944968,-0.46283111,0.18099493,0.33289705,0.083708153,0.76467587,-0.86679626,1.396749,0.7594597,0.71332181,0.53990252,-0.50252571,-0.55444404,-0.02966028,-0.31059732,0.64139361,0.5149587,0.59342744,0.70121945,-0.013676379,-0.4654042,0.91680581,0.32289029,-0.16261797,-0.48739073,0.80952997,-0.58187834,0.13754089,-0.42704485,-0.330651,-0.2951697
0.28267873,-0.02979733,-0.79300536,1.3368638,0.2517683,0.63505564,-0.03095566,-0.14018455,-0.43302318,0.64512204,0.47247106,0.716768,0.09827454,-0.23545097,-0.13830628,-0.23237807,0.32209864,0.09623765,1.1706423,1.5575597,-0.67700739,0.96112466,-0.28608715,0.36890206,0.25236426,-0.33595954,0.51500712,-0.19967741,1.5823154,0.46001568,0.82500696,0.07727208,-0.03475298,1.5028968,-1.4474919,-0.30109738,-1.196763,0.27103745,0.30080385,-0.83939022,-0.32617781,0.74458895,1.1355907,0.7451277,0.55963433,0.02782008,0.7395276,0.23236134,1.5896239,0.11146362,-1.2037262,-0.01787522,-0.41982097,0.8487016,0.37860838,-0.09488492,1.654432,-1.1191379,1.0617926,-0.08396767,0.14336152,1.7077992,-0.29913942,0.36969284,0.74318343,0.44068249,0.91166108,-0.71940728,-1.0681371,0.22058442,0.10801027,0.68185096,-0.41962324,-1.2625218,0.54897463,1.9334647,0.31649313,1.0314701,1.0350975,0.24807859,0.40415411,-0.49793313,1.5919258,0.86771489,-0.0488986,-0.61207592,0.76225544,-0.70392887,1.2040967,-0.18369107,0.07195742,0.31677837
1.2416417,1.1373694,0.09210985,0.46304062,-0.11792827,0.17284068,-0.99613516,1.6306224,2.1816259,1.5095619,1.0148536,0.3560462,1.6067496,-0.49004038,-0.95624475,-0.42410078,0.11046664,-0.04699332,0.95740774,1.4946618,-1.6538668,0.60931775,1.853674,-1.2635556,0.87570733,-1.8618741,2.0048003,1.4725832,-0.62545018,0.89904655,-0.03702985,-0.80918396,1.114727,0.73933096,-0.6032334,-1.1636791,-0.39570843,1.1042873,0.28629926,-1.6409527,-0.72803816,0.85610007,0.86630922,0.6892488,1.1880298,0.06710576,1.0793433,2.6484447,0.63436372,2.3225138,-1.5433402,1.8136982,-1.3651209,0.82361108,1.1410622,-0.06167614,1.2710425,-0.40625015,0.1087477,-1.5616986,0.38097257,0.95496246,-0.91793877,0.57032621,0.03943367,1.4232445,0.98672278,-1.168886,0.78709363,1.1912988,1.1376131,1.8958041,-1.2971493,-1.9779458,1.4185834,1.2491584,1.7585004,0.93117979,0.66360718,1.5949178,1.4188286,-0.41796363,1.7570746,0.62000338,-0.94141015,-0.34461457,1.08921,-1.640734,1.8273502,-0.17986918,-1.4521543,-0.74489078
-0.37763122,-0.26711991,-1.6886371,0.60394238,0.3879434,0.44001465,-1.001768,-0.56087752,-0.62746558,-1.261162,0.45847035,-0.67269037,-0.61226117,-0.81854298,-1.3290629,-0.90104148,-0.57005024,-0.53349348,-0.016118978,-0.43349031,-0.65063553,-0.48012933,-0.090891688,-0.80855805,-0.12326249,-0.56542571,0.032871877,-0.12402656,0.34863071,-1.0880878,-1.7698894,-0.82239738,-0.40045503,-1.059878,-1.7506564,-0.93729346,-1.2069798,-0.094546022,-0.1542101,-1.9616174,-0.94290981,0.38280308,0.30992008,0.45352461,-0.45778105,-1.7621897,0.46720155,-2.4829501,1.1281942,-0.95600784,-0.070316281,0.3841753,0.15707456,0.70313594,-0.19822305,0.44803509,-0.47191627,-0.4331721,0.79989435,0.21459514,-1.6085447,0.60476273,-0.49619985,-0.30305594,0.80742802,0.9659852,1.5518516,-0.31173583,0.9998293,-0.29674562,-0.09653867,-0.80631516,-1.3416854,0.044939317,0.005033678,-0.21402568,-0.3307603,1.1440128,-1.7212257,0.12616807,0.015701631,-0.53407544,-0.093996937,0.35522852,-1.249155,-2.061858,0.75430641,0.45587483,-0.16320255,-1.138804,-0.44790635,-1.1760799
1.5996675,1.7318955,-0.48079475,0.3016854,0.14598966,0.55621454,-1.5798341,2.1926431,2.0477119,1.481178,0.75874015,0.65182827,1.8565733,-0.4622689,-0.87002882,-0.41523205,0.35369862,0.71870699,0.4921053,1.4642025,-1.6456361,-0.47155965,1.9794784,-1.2321837,1.5870765,-1.2148833,1.5887868,0.68719811,-0.29992788,0.88828658,0.13963956,-0.09245317,1.95904,0.44290146,-0.72723726,-1.5673393,-0.25051438,0.02485921,0.07494234,-0.90130707,-1.7109799,0.69090707,0.8961655,0.83849418,0.83746579,1.1745364,1.8387546,1.8170117,0.64592719,1.9528192,-1.105399,2.2207312,-1.1063684,0.63703177,1.8213263,-0.59718648,0.79938807,-0.619372,-0.01441034,-1.0117984,0.12850375,0.63021293,-1.128958,0.45255316,0.43118452,0.35675637,0.44029598,-0.96621057,1.1651895,1.5261565,1.277929,1.748751,-0.07683792,-1.1280335,0.68395633,0.52374169,2.1654246,-0.51266073,1.3055742,2.0825666,1.9081553,-0.64225902,2.1722649,0.90681196,-0.85090631,-1.0320997,1.081896,-0.67537745,1.6950019,0.85041387,-1.5455426,-1.2101255
1.4062528,1.0344979,-0.35461545,1.072339,2.0151166,1.6560669,-0.31234618,1.7288715,0.64709176,0.96107686,0.38746153,2.0751443,0.65531279,-1.1408104,-0.39717198,-0.72918661,1.4550389,-0.98546381,0.78967604,0.33603959,-0.3438832,0.69604609,0.29928359,0.22930252,0.34238346,-0.73206818,0.67663401,1.2387931,-0.22314118,1.6532005,1.3528178,-2.1708973,1.1953275,1.4470123,-0.63059746,0.12480552,-0.75137059,0.96936144,0.62993188,-0.021929,0.14991093,1.0649362,0.84726926,0.64758248,0.63464535,-0.70347725,1.0597984,-0.09628633,1.3746457,0.2608727,-0.27927573,0.35307788,0.36556004,0.04278539,1.2532212,-0.76883687,1.8544248,0.01857237,1.7830379,-0.38132527,1.116383,1.1207246,0.4326437,0.94377255,0.17340976,0.84995366,0.76816054,-0.61407496,0.34707196,1.2037524,1.2975397,0.28293645,0.19527963,0.22891669,1.1231222,1.4737337,0.90132048,0.44641224,-0.38071177,1.1242897,1.2049195,0.26229403,1.2135193,-0.06643536,-1.4901364,0.21462251,1.6186454,-0.09762599,0.98570083,0.34856494,0.69630509,0.7146365
0.30198275,-0.40263146,-0.83515901,-0.59802621,0.5100912,-0.70644016,0.99012574,-0.42270004,-0.58364799,0.36665661,-0.61262581,-0.65202942,0.13413325,-0.66665596,-0.32867918,-0.80777512,-0.30673855,-0.071255863,0.53252396,-0.64013516,-0.95885782,0.14038497,0.10794241,0.69727595,-0.30826841,-0.97180448,0.10320562,0.23222968,1.6081623,0.41140849,0.05524399,-0.79085501,0.28931356,-0.074466115,-0.33527209,0.62635727,-0.34667402,0.37139989,0.88095277,-0.51799135,1.784621,0.096779482,1.3663894,1.2456544,-0.075387804,-0.45782514,0.87158685,-0.28058024,1.2655698,0.13477302,-0.49001752,-0.049794327,0.83642695,-0.17589136,-0.22845604,-0.17614072,-0.30680673,-0.37564915,0.53951293,0.17330486,0.014417356,0.90671587,-0.17530624,0.75470366,0.14378821,-1.0197377,1.2181189,-0.7651473,0.37267399,0.052873929,0.89029664,-0.094296045,1.3133935,0.21098015,-0.75267362,-0.52331705,0.71312728,0.43651393,0.66909221,0.45515861,0.093043744,-1.0939467,-0.045973508,1.2703877,-0.49335405,-0.30311971,0.83263684,0.86485023,0.73634546,0.002141904,0.92129396,0.1120963
-0.091487877,0.91900818,-0.54753358,0.36853342,-0.072718658,0.99254487,-1.2438309,0.54605052,1.2191301,1.4821219,0.18770455,1.8140832,1.1864877,-0.84468391,-0.51617212,-0.50328419,0.95423546,0.12175304,2.0989548,1.2117854,-0.59240998,2.0692207,1.4129819,-1.3212806,0.43300491,-1.0258006,1.5351936,1.4512907,-0.18846056,1.4155785,1.2764905,-0.8438345,1.2365543,0.74443556,-0.61882549,-0.5323234,-0.98834117,1.6697695,1.1516272,-0.37714868,-2.8181545,1.3911439,0.082419105,0.31835238,0.49744154,-0.88713603,1.1878989,1.2326316,-0.21813085,1.2906182,-0.028960406,2.0006492,-1.4752031,0.65757689,0.48325204,0.28073828,1.2007227,-0.93236056,1.3911761,-0.65501612,1.5247912,-0.37135917,-0.082181583,0.28855577,0.6211079,2.2640839,0.48932188,-0.58564401,1.0931409,1.4199707,1.1860146,1.5227939,-1.33503,0.001121278,2.1873914,2.4356981,1.9688709,0.077859611,0.37156723,-0.11471974,-0.11730078,0.29187016,0.2402528,0.034222548,-0.39197435,-0.15579584,1.0146686,-1.7648099,2.261217,-0.5899851,-1.1724408,-0.79196403
-0.77385209,-1.1576098,0.19367327,-0.39228231,0.26906752,-0.29667748,0.6476295,-1.3892077,-1.2947378,-0.43142649,0.34458812,-0.16119401,-1.4910169,0.5997668,0.58922367,0.53954544,-0.35589751,0.51950285,-0.37414766,-0.73846531,-0.10056183,-0.06633986,-1.4026401,0.93667124,-0.86546872,0.42987096,-0.85217534,-1.3850459,-0.39676933,-0.85657419,0.7480048,-0.01426404,-1.5297784,0.06544049,0.91588085,0.84999862,1.0090649,-0.29108871,-0.05632368,1.2408465,0.12449427,-1.0154594,-0.27918886,-0.36891987,-1.2724547,0.62913602,-1.0328123,0.29797001,-0.18204761,-0.63199034,0.66521137,-1.1117513,0.72747203,-1.3265404,-0.64098549,1.3293076,-0.43511764,0.89752199,-0.56680602,0.9285714,-0.85635863,-1.3811197,1.0980358,0.08928799,-1.0558227,-1.2494184,-0.38597934,1.0776593,-1.1123528,-0.71179373,-0.7933222,-0.82321344,0.49909583,0.61200109,-0.62942566,0.4039153,-0.37266583,-0.67438565,-0.59408058,-2.0444411,-1.9052434,1.2348561,-0.63344127,-0.32744143,0.34896017,0.23837351,-0.42423307,0.29813705,-0.38127027,1.0471879,0.87718375,1.0115268
1.22399,0.96122233,-0.41690167,-0.072935507,-0.64459209,1.3709007,-1.3836779,0.72029319,1.1225917,1.3858228,0.18257899,1.0221927,0.54243726,-1.1652438,-0.55122262,-0.8377016,0.4385806,-0.40310757,-1.5674924,1.2943579,-0.60205807,1.2795398,1.0266739,-1.3921775,0.56418357,-0.63010924,1.47562,0.89060404,0.915597,0.85741481,1.1758718,-0.88846301,0.75265299,1.320518,-0.21831158,-0.73144935,-0.12552704,1.0924415,1.4259703,-0.30139138,-0.89565365,0.96844609,0.26624261,0.35619284,0.50990324,0.38477094,1.2896504,1.6949531,0.092806189,1.9591961,-0.92096623,1.7482467,-1.5218543,0.8005115,0.13670309,-0.81690487,2.1388884,-0.72219987,-0.28904314,-1.4615164,1.6180597,0.11923283,-0.64212043,-0.63341806,0.79518975,1.2102738,0.56056353,-0.49506922,0.55988736,1.713836,2.090424,0.6943193,-1.5755049,-2.543023,1.0954679,1.6246622,1.1847969,0.77819475,-0.006714219,0.7653776,1.0273937,-0.96289397,1.5050491,0.26180798,-1.0295451,0.03295162,0.13562258,-0.91006146,1.7273112,0.11860486,-0.60675705,0.0329446
-0.35458085,1.2104265,-1.1588717,-1.1003839,0.001998743,-0.51063394,-1.5166463,0.97581525,0.94306449,0.90893076,0.082278996,-0.80363634,0.98473886,-0.68963409,-0.80716165,-0.88053517,-0.88512538,0.47317714,-0.91293589,-0.61828401,-1.8531084,0.20618847,1.4091342,-1.8530349,0.15398261,-1.8430077,1.5761835,1.2291955,1.0080651,-0.57607265,0.62380244,-1.309105,0.9497114,0.045477342,-0.18634184,0.03262926,-0.10592698,1.7160791,0.45156796,-1.4401427,-1.2046147,-0.095591616,0.31015951,0.70168748,0.56588325,0.38710944,0.80287342,0.91745724,-0.68162552,0.72178771,0.23118655,2.1008425,-1.7110917,0.79256337,1.2679733,-0.45466415,0.84314961,-1.4707623,0.52091923,-1.4223082,-0.21061278,0.32577294,-1.1656764,-0.009384135,0.013960726,0.50859697,1.096043,-0.46820092,2.0489585,1.7757565,1.1182581,-0.16511765,0.47807462,-0.5808554,1.1184748,0.47833877,1.6332394,-0.60536065,-0.7449072,0.44124006,0.71035234,-1.4721622,0.13033258,0.17460526,-1.4972114,-0.59003648,0.19860634,-1.011318,-0.2579129,-1.0787711,-1.6445875,-2.1357405
-1.291515,-1.7652979,0.95717352,-0.71860093,0.07179352,0.03628055,1.4579027,-2.4760743,-1.9718954,-1.1144752,0.20287439,-0.14859925,-1.3568778,0.99910103,1.0491542,1.1112479,-0.24994063,-0.68943808,0.2538865,-1.5733734,0.68506612,-0.4766733,-1.6618637,1.130245,-0.03004573,1.0102949,-0.94775113,-1.693918,-0.26243961,-0.38173123,0.92860287,0.13082014,-1.3137996,0.03615694,-0.1215961,1.3896642,0.28123866,0.10188693,0.72323629,1.5780082,0.19274209,-0.71721741,-1.784358,-2.1866535,-1.7514886,-0.01258874,-0.70734644,-0.75768901,-0.43062239,-0.35685442,2.1614169,-1.0023476,0.43107227,1.043484,-2.0043662,1.5823107,-0.06324803,1.3392669,0.15257607,0.91902625,0.54808625,-1.3859164,1.3915251,1.0079905,-1.4811057,-0.19378507,-0.53312449,1.7836989,0.16791775,-1.7687456,-0.53486579,-0.7112267,0.87613545,1.0488812,0.29183275,0.13009211,-0.04927257,-0.18719013,-0.23777253,-1.157735,-0.56353252,1.2369688,-0.04874535,-0.55387299,0.45411479,0.81742677,-0.07350027,0.75528051,0.14922437,0.43078195,0.84164836,1.5441078
1.2282002,1.1044443,0.68901665,-0.24755199,-0.18022541,0.98795267,-1.165176,0.94428756,0.98109014,1.2105861,0.084085998,0.2008927,1.1988869,-0.70128571,-0.15831504,-0.52398384,0.56356763,0.54133333,0.47408122,1.6030628,-0.75113107,1.0413069,1.3291756,-0.66326756,-0.34640578,-0.60010418,0.29762231,1.7453371,0.56602282,1.0973207,1.0122651,-0.47089462,0.65367905,0.91827628,0.36681541,-0.33209295,0.18694281,0.85071444,1.3006361,-0.95800654,-0.694028,0.68659595,0.53393577,-0.19863551,0.9100067,-0.079988325,0.91101433,0.94068388,0.63297065,1.4701384,-0.32246639,1.3431738,-1.2267632,0.47534018,0.67897412,-0.79026273,0.74406443,1.0252613,0.52200753,-2.4762256,1.1914163,-1.2363845,-1.673477,0.9403114,-0.011335523,-0.53332219,0.36183294,-0.70688735,-0.011710995,1.9510908,1.4332778,-0.035161305,0.48285049,-0.58826303,0.66948103,-0.31992265,1.0481142,-0.23490228,0.11442891,1.2871331,1.6404199,-0.97394052,1.3336332,-0.53677411,-0.48588776,-0.008389267,0.49291206,-0.9718851,1.0608516,-0.053393223,-0.78694175,-0.50924788
0.85386105,0.40889643,0.074767383,0.25889105,0.17327994,0.50401778,-0.13875068,0.8573308,0.43459609,-0.3236539,-0.3032677,0.56863303,0.22071387,-0.371456,-0.091052019,-0.41414026,0.5634851,1.1349801,-0.31774457,0.32644136,-0.54512237,-0.3753719,0.44993231,0.12371047,0.40672893,-0.49770629,-0.29540892,0.34860228,1.6763364,0.60425899,0.86009641,-0.49728241,1.1662294,0.45248368,0.12539033,0.003597433,-0.46925905,0.52916059,0.12850568,-0.45974918,0.78954038,0.016789443,0.91896543,0.69450993,0.001786763,-0.16509303,0.95479382,0.10507255,0.61859229,0.66297199,-0.18534535,0.21786653,0.064856237,-0.23876124,0.090786435,0.36098375,-0.17315054,0.83290764,0.17111802,-0.90095938,0.036405722,0.51067779,-1.166676,-0.56090508,0.49320938,0.38439526,0.27174484,-0.41340672,-0.07959431,0.79187148,0.85594704,0.80032939,0.92525352,0.30325328,0.12729178,-0.3131186,0.5420922,-0.34926536,1.0759895,0.29504526,0.97756005,-0.8662262,0.49309044,0.79821354,0.45818908,-0.2097828,0.20337455,0.29224844,-0.014486252,-1.1524728,0.15756659,0.18058165
-0.89458197,-0.37545754,1.7028386,-1.5806937,-0.54292734,-1.5853663,1.0492058,-0.68659142,-0.14229434,0.14614195,-0.07605181,-1.3259214,-0.54352395,1.6472563,1.5454767,1.7217753,-1.7441011,1.3258438,-1.9682361,-0.52649571,0.72892722,-0.97331008,-0.24658511,0.85628147,-0.96282244,0.30747168,-0.12040969,-0.33215142,-0.80341227,-0.47112244,-0.33961224,0.95081336,0.04258668,-2.0346525,1.9212045,1.2946506,1.890807,-1.053043,-2.4814932,0.9931731,-0.59288079,-2.6147983,-0.89312143,-1.012744,-0.5568165,0.67170599,0.11052161,0.44712488,-0.89023816,0.56205558,1.8275059,0.26262281,1.0268793,-1.5515947,0.52250806,0.69058214,-0.77416966,1.3051341,-1.6355988,1.0484418,0.21799535,-1.2594068,1.4246037,-3.9621462,-1.3299812,0.30342101,-1.0089707,1.3921049,1.5093637,0.24514891,0.98913301,0.5193598,0.81837409,0.37445302,-0.59831064,0.06350852,-1.0088635,-0.79901208,-1.3312445,0.14691414,0.01307588,1.3693015,-0.91921944,-1.2898102,1.7097263,2.0081583,-1.0036329,0.65108506,0.91812626,1.3653521,1.0837252,1.2430065
-0.92313307,-0.88095421,0.202636,-1.407803,-0.88527784,-1.326056,0.82481475,-0.61506308,0.04325113,-0.13505154,-1.0719193,-0.84126212,-0.52514677,-0.17940629,-0.088162971,-0.13300042,-1.2510442,-2.3601863,-1.5252243,0.074741375,-0.74357216,-1.8458982,-0.47500882,1.0038514,-2.7911644,-0.21221368,-0.74383687,-0.19975246,0.85100132,-0.71468861,-0.68165503,-0.8319774,-0.63895953,-1.2759056,1.7542248,0.72936531,1.8341396,-1.1402247,-0.55356051,0.58770938,1.6160993,-0.99621412,-0.081936525,0.018763416,-0.013542279,-1.0297839,-0.1503937,0.23204112,0.34507635,0.18511824,1.6908361,0.35383704,2.7135104,-2.0069692,-0.46410714,-2.210944,-1.3780788,0.48864091,-3.8409897,0.44957795,-0.068789499,-0.26665859,0.84106778,0.044498489,-1.2287693,0.28647514,-0.77360562,-0.60117638,0.91936369,0.041905928,0.98721041,-0.026970105,0.40689027,1.2014844,-0.67760677,-0.9339684,-0.93121291,0.52549869,-0.49638678,0.019021703,0.072032678,-0.007341778,0.79242598,1.675147,0.58285074,0.62967256,-0.72940914,-0.13257364,-0.74866271,-0.24315413,1.3312826,0.32108996
0.11696588,0.078568054,-0.43487882,-0.061426843,0.90381351,0.48712346,-0.3887752,0.2218586,0.16619213,0.43454262,-0.48350222,0.9894655,0.43360714,-0.95024223,-0.81300564,-1.0610697,0.60029107,-0.62661191,0.25426109,0.35182258,-0.00403678,0.87983935,0.18157174,0.22121041,-0.47261429,-0.56167023,0.46110264,1.3687276,1.1850861,0.18976778,0.87815956,-1.2992999,0.62374148,0.42692687,-0.99431959,0.60392555,-1.2770033,2.2528366,1.4545148,0.5163889,0.40909944,0.92850021,1.5068832,1.3411085,2.0262672,-1.3158943,0.43678518,-0.7808187,1.6069575,0.26295259,-0.71135302,0.73285151,0.46056578,0.26425554,0.15749874,-0.35279482,0.6684655,-1.0518477,1.0940761,-0.30088812,1.2309226,0.80349099,-0.94264901,1.1094134,1.3409969,1.1287134,1.1548532,-1.743259,1.1581777,0.66635196,0.50381771,0.21523589,0.77077518,-0.98006094,0.035032976,-0.63792923,0.64979676,0.85739445,1.3287884,0.29311197,0.20300771,-0.71718424,0.23040552,1.728308,-0.005939988,-1.2617932,0.47787996,1.0507154,0.054385887,-1.645171,0.48966096,-0.26359229
1.1862536,1.1695903,0.58160964,0.50629995,0.40891434,1.1061424,-0.48858465,1.1155029,0.36033847,1.3418607,1.3281439,0.67667187,1.4137158,-0.6027572,0.094524025,-0.46364883,0.10867214,-0.50881769,0.57413115,1.7709375,-0.50056496,1.2342163,0.4289503,-0.39366952,-0.23047559,-0.55089526,1.5758879,2.0190464,0.16183441,0.83678531,1.0186347,-0.82013528,0.70678104,0.73960863,-0.67272122,-0.117874,-0.51793476,0.63018837,-0.034162843,-1.0167857,0.37884504,-0.003316204,1.1510758,1.6544469,0.77565515,0.32209977,0.79011457,0.6399824,1.051483,2.0911805,-0.43764783,0.62452468,0.23662529,-0.60053035,0.52196661,-0.82308955,-0.81426502,1.4694459,-0.72378877,-0.91621678,1.8130384,0.14396538,-0.23032602,-0.15807216,0.16773572,1.7191511,0.086770232,-0.13172764,-0.2697912,1.1517086,-0.08869492,-0.20600713,-0.30235769,-1.5212471,0.95923282,0.42275964,1.6195778,0.84789476,0.69185963,0.64354706,0.81545133,0.073581314,0.69429227,0.60605239,-2.5383994,0.24919282,-0.12117272,0.49172766,1.0157722,-0.75903728,-0.28363375,0.065851664
-0.33142339,0.23227401,-0.52372012,0.55049342,0.3362349,0.88627525,-0.42429844,0.28176344,1.5890145,1.1140007,-0.20328859,1.3102127,0.16636907,-1.0527221,-0.78342918,-0.92288419,0.24221488,-1.2947141,-0.01627212,1.3659761,-0.21217286,1.5671776,0.06609959,-0.39859127,1.0919881,-1.2884143,0.9868912,-0.04101838,0.56606064,1.421182,1.8535832,-1.6171481,0.65660189,0.75915402,-0.10635383,-0.68135359,-0.68656402,1.5904415,0.82073489,-0.38598071,0.67986674,0.78294673,0.58405557,0.80841421,0.05915661,-0.99443077,0.48229483,2.1681476,0.43033109,1.0877199,-0.45001359,0.7371821,-0.01692986,-0.99130423,0.52195061,-0.53489155,0.98111022,-1.0123569,0.34803512,-1.0817572,1.3108603,1.5133835,-0.39835459,0.29208872,-0.03064156,1.1777144,0.53243221,-0.44993333,0.64282167,1.0998424,0.79548761,1.1970187,-0.32943666,0.19063759,2.2718458,0.93817958,1.2437285,1.1653795,1.2271705,0.45993501,-0.21244533,-1.1438005,1.5528709,-0.08417349,-0.54781011,-0.88614909,0.69645415,-2.2045885,0.10117888,-0.49688613,-0.21016107,-0.34800135
-0.96034077,-1.4535019,0.62715019,0.27333943,-0.43363909,0.60362287,1.5409214,-1.2667668,-1.9843242,-1.2707925,-0.34787118,-0.048596789,-1.2277576,1.213669,1.0688541,1.2342462,0.24233498,0.68268628,0.93384695,-2.1335055,1.6790276,-0.25476421,-1.1239381,1.5104391,0.01487614,1.5904705,-0.85278319,-1.3405056,-0.31448735,-0.040930666,0.78001906,1.5472882,-0.96310915,0.25516812,0.11693188,1.7680168,0.39587316,0.016661344,-0.1798781,0.96791906,0.56387737,-0.22822245,0.91537035,0.55259572,-0.91617462,-0.12655595,-1.400772,-0.85317774,0.048951232,-1.651784,1.1041294,-1.4240252,1.1004136,0.46721239,-1.0968358,1.4673369,0.01300456,1.1541646,0.062884806,1.5470331,-0.70366562,0.6754006,1.5956891,0.82175108,-0.5961119,0.52480477,0.27781675,1.0641351,-1.8678508,-1.1446902,-1.8471696,-1.8455185,1.0671491,1.138598,-0.000763944,-0.34772501,-1.4536195,0.69465321,-0.28740354,-1.000085,-1.2771499,1.1064677,-1.5956263,-0.19235496,1.159185,0.73964591,-0.95980262,1.1165056,-1.2590968,-0.25577021,1.5006387,1.2755417
-0.64720146,-0.59791495,-1.257455,0.63890706,-1.4586441,0.70358327,1.0570386,-0.52309893,-0.9659945,-1.3677121,-2.3041967,0.43239883,-1.3974236,0.37907877,0.55351925,0.38521599,0.39051819,0.61540241,0.10785222,-1.1378445,0.84669198,-0.63288512,-0.90096895,1.2608535,-0.8667332,1.1683166,-1.3205832,-1.1566146,0.32897437,-0.0271157,-0.59278644,1.0210194,-0.64889027,-0.40478525,-1.1840325,0.93240268,-0.96307072,-0.7484665,-0.51130977,1.1574943,1.2082963,-0.15610721,-0.19561033,0.09697717,-1.6035434,0.84037277,-1.3106702,-1.1968195,0.30037087,-1.2714585,-0.53969136,-1.5671158,1.4693766,0.32336746,-0.71756098,0.52916748,-0.61037295,-2.4798263,-1.1195532,1.4034904,-0.47120661,0.8513977,-0.17293851,-0.62267591,-0.85618117,-0.45473569,0.08885967,-0.22905705,-0.89550952,-0.90960355,-1.7315842,-0.95075287,1.7729711,1.9720309,-0.12789769,0.6301819,-1.0604322,0.70151161,-2.5492389,-1.7569272,-1.3409721,-0.05953493,-1.6672948,0.81400692,-0.39327243,-0.41353141,-0.79995263,1.5549364,-1.8877751,-0.34944989,1.1343001,0.53266427
-0.28663472,0.03439937,1.7879864,-1.6675328,-1.5093687,-2.0794088,1.1441396,-0.1284248,-0.67592805,-0.17036798,-1.3798007,-1.6849816,-0.37113451,1.9918235,1.6815615,1.9867476,-1.0545002,1.6490108,-1.3293454,0.24064388,0.66542577,-2.1338234,-0.59253106,0.21600962,-0.73504804,1.0071318,-0.74777462,0.04992646,-1.5376097,-0.80450328,-1.6128106,2.0419064,-0.78004693,-2.5245995,1.7283173,0.33095426,1.5165127,-1.5702376,-2.3304044,0.82707161,0.2021843,-2.0598279,-1.8124352,-1.3623893,-0.54081763,1.4407147,-0.86034754,-0.4365862,-3.1430477,-0.05804359,0.86870125,-0.60019315,0.11077664,-0.2087186,0.51220394,0.58708433,-1.2572986,0.84536306,-0.29585525,0.82100972,-1.0052168,-0.99476496,0.927052,-1.8483332,0.78198244,-1.68692,-2.1939895,0.97477804,0.21468615,-0.93565542,-0.07664717,-0.69530103,-0.5880299,0.09020638,-1.170272,-2.5579121,-1.2119067,-0.92287352,-1.2193198,-0.64841394,0.45558238,0.76833711,-0.3776614,-0.40803957,1.3712747,1.6081855,-3.3029607,-0.33517054,0.45881615,1.839113,0.40844672,0.48611916
-1.2616265,-1.2531329,0.24319275,-0.77386236,-2.5115602,-1.9947425,0.72484561,-0.29886612,-0.54295629,-0.70210137,-1.5590507,-1.0059283,-1.2743093,1.8047223,1.9394835,1.7003258,-1.838948,0.17194267,-0.68593737,-0.28058896,1.1827757,-0.72949676,-0.47062148,0.5093595,-1.6037069,1.0481419,-0.8855882,-0.57405668,-1.8516226,-1.593629,-1.137949,1.901859,-0.89835041,-1.4776008,0.76236536,0.89782143,1.0664878,-1.4071685,-1.7924275,0.49949629,0.10210929,-0.71393687,-2.4233309,-3.1155729,-0.84323843,2.3099799,-1.2533684,-0.43701189,-2.2065467,-1.2966295,0.6383462,-1.1746477,0.400402,-1.4873525,-0.89691742,0.81254674,-1.1648446,0.02208788,-0.35490476,0.91198174,-2.1499972,-1.1845248,-0.01823496,-1.1013667,-0.34701833,-1.2914075,-1.3518383,0.21145726,-1.017655,-0.82348559,-1.1065945,-0.61436304,-0.21040105,0.87092858,-0.6244251,-0.77038732,-0.50492138,-0.33576434,-1.9453271,-2.2181762,-0.58987566,0.06100711,0.38430883,-1.0610579,-1.3057516,-0.94334069,-0.90919738,1.3827216,-1.2516207,0.97875429,0.54954859,0.60294645
-2.1178208,-0.47630776,1.0384814,-1.6965064,-0.01291799,-1.7597547,0.87955042,-1.2821641,-0.72587165,-0.82591753,-0.07400556,-1.5296839,-0.41416799,1.7272082,1.6806074,1.723687,-1.689101,1.3527217,-1.2424811,-0.87033193,0.71661912,-1.8050766,-1.0059904,0.81493655,0.45607116,1.0951626,-1.3637692,-0.93257832,-0.98996255,-2.2095675,-1.5898613,1.8782739,-0.80795811,-1.0545155,0.93860389,0.87321202,1.0646009,-1.7489381,-0.85939047,-0.04065587,0.15403791,-1.0416237,-1.6702302,-1.2621198,-0.49107083,0.76310437,-1.217192,-0.15338335,-1.8949648,-0.69148574,1.5184918,-0.66494805,0.19458395,0.34299465,-0.08809584,1.2274063,-1.483482,1.1801412,-1.1637684,0.89335097,-2.3180153,-1.2746402,1.2990927,-1.4207034,-1.0246323,-1.7214406,-2.3852716,0.88019638,-0.40697271,-1.5699025,-0.93183099,-1.524211,-0.05007408,-0.29356181,-2.445127,-1.3568734,-0.98445103,-0.77646045,-0.51917034,-1.1675485,-0.70385077,1.5423471,-0.83010896,-0.72791344,1.4598411,0.99194307,0.11878694,0.0105585,0.35191312,0.9411066,0.0653182,-0.01002365
-0.97190396,-0.32473435,0.039028383,0.35991093,-0.6389865,1.1489695,1.6209807,-0.75850946,-0.45776083,-0.68152113,-1.1548394,0.96033806,-1.1232609,1.5400309,1.2650058,1.4732876,0.67378792,0.25690189,0.4671315,-1.7698517,0.40970275,0.17864936,-0.78868794,1.1447922,-0.89991831,1.6521608,-1.1432805,-1.2613548,-0.78864398,0.67562291,-0.055204304,1.9398807,-0.83487293,-0.91294386,0.70908105,1.2531482,0.78124698,0.37671005,0.80959272,0.86262541,0.61896433,-0.50292493,-0.064594813,-0.75878385,-0.69348658,0.75306023,-1.4685249,-0.91841651,-0.45146494,-1.3558084,0.75013565,-0.91281595,1.6181314,0.51134313,0.071727237,0.9353946,0.16154267,0.13855901,0.00044803,1.6146611,0.80921544,1.3793819,1.020417,0.7182945,-0.67303345,0.60068075,-0.77799851,0.40035704,-0.033708541,-1.1395926,-1.4376671,-1.3553951,1.3398168,1.1926849,-0.71025197,-0.72123703,-2.2852604,0.49385153,-0.7618002,-1.0186039,-1.0111587,0.57128978,-0.39507615,-0.008312851,1.444486,0.80425043,-1.1260896,1.1485176,-0.9966573,0.64151427,0.8605568,1.599202
0.51462845,0.35223739,1.4817906,0.10579935,0.70506452,-0.46219391,0.89706635,-0.054088391,-0.7896236,-0.98880902,-1.3267554,-0.62957401,-0.055273762,1.57658,1.2763751,1.6024079,0.037651238,0.78897082,-1.1663256,-0.92109971,1.0258812,-1.0999292,0.19627978,1.0041963,0.71994899,2.0615075,-0.78576742,-0.36392517,-1.2351616,-1.1407173,-1.3602123,1.8016842,0.021936969,-0.117593,1.0568581,1.0693819,1.0507848,-0.92493151,-1.3678755,0.86068426,0.56355171,-0.51123998,-0.64771365,-0.38840279,-0.27775078,1.4913948,0.003402441,-0.1914233,-0.54719663,-1.2711515,-0.21391078,-0.6869773,0.42713407,-0.91587616,0.27119454,1.0703406,-1.3059302,0.52566349,-0.81824627,1.6862471,-0.47000818,-0.38440529,0.72454662,-1.2004527,-1.3219845,-1.9785749,-0.20321279,0.91645885,-0.7136421,-0.87595058,-1.2282043,-1.795917,0.93178926,0.83887691,-0.33736072,-0.91140651,-0.6184142,-1.1701917,0.20272575,-1.0791042,-0.90251031,0.63475218,-1.2807495,0.24917907,0.79272303,0.86384771,-0.098648557,0.052985503,-0.84379269,0.81945122,0.57346068,0.83890794
1.0356987,1.0174746,1.4669057,0.56466345,1.2890665,0.41436922,0.062843454,1.4836356,-0.51294019,-1.8621765,-1.686066,-0.11891649,1.7392089,0.51756853,-0.88357473,0.37270071,0.81319862,0.26106229,-0.84258834,-1.3336156,0.42013231,-1.9014256,0.97944184,0.005227381,1.0089512,0.73984328,-0.051916796,0.57306268,-0.61249039,-1.8778009,-1.9244905,0.3695798,0.10414105,-0.75543242,0.47517025,-0.27936089,0.41140064,-1.4977554,-1.0260844,0.74037182,0.30779183,0.08774943,1.0983458,0.97769466,-0.53567832,1.4244265,0.09250965,-1.1938346,0.086327424,-0.4796982,-0.64555712,-0.5979934,1.0658656,-0.88556817,0.67530655,-0.58127439,-1.1142691,0.7873999,-0.77536192,0.49041437,-0.55850325,-0.19949449,-0.30816086,-0.28591154,-0.24205183,-1.3370263,0.050852844,0.26648939,-0.40090787,-0.43884338,-0.90653625,-0.77322368,1.4406731,1.8142518,0.001478037,-0.99088102,0.14625731,-1.3842647,-0.17184519,-2.3554356,0.59066562,0.039544593,-0.82450178,0.35308959,-1.1269899,-1.2228554,0.92092724,-0.1214364,-1.3564713,0.3425549,0.11931013,-1.4250016
-1.5906429,-0.13130819,2.1219362,0.25089083,-1.9738731,-0.33553422,-1.474342,-0.68197922,-0.87243798,-1.1530096,-1.9095153,-0.31599506,-0.4717497,0.40771188,0.14151124,0.38656522,-0.05288272,0.96597614,0.36982337,-0.70695424,2.908034,0.77437373,0.82634991,-0.89239654,-0.08855337,1.631473,-0.77535632,-0.562341,-1.5894221,-0.73788827,-0.48965741,0.49390032,-0.31425425,-0.38701459,0.26628904,-0.72075499,0.46295997,-0.91383822,0.45644609,1.0898483,1.0571911,-0.51447855,-1.6163819,-1.1254953,-1.0062178,2.1397455,-0.3712913,-0.83566049,-1.0602196,-0.02909651,-1.4030768,-0.52980344,-1.5451056,0.94269617,0.14490786,0.87053412,0.04279289,0.77092299,0.44990341,-0.15448167,-1.0634673,-1.0571044,0.20074569,0.64504726,0.26788028,-0.20060891,-0.51664157,1.3842613,-0.68817412,-1.8158315,-1.3866424,-0.41064595,0.41770535,0.09746391,-0.77430039,-0.08878706,-2.0194547,-0.93122168,-0.79646935,-0.65383245,-1.7205388,0.32890192,-1.2140822,-0.90268979,-0.61855123,0.52362055,-1.9122185,-0.15839752,-0.23370715,2.1605722,-0.27002458,-1.0032709
-0.97691457,-0.14939131,1.8270092,-1.2746286,-1.1497794,-1.6653454,0.10722996,-0.13464134,-0.8526322,-1.1122089,-0.96843615,-1.4695518,-0.49259531,1.7409805,1.7670163,1.641888,-1.1296701,1.6549527,-1.551126,-0.03137762,1.2241874,-1.5711043,-0.59235827,0.04431236,0.10574006,1.4847154,-0.8939065,-0.2632716,-2.4425014,-1.2370017,-1.9283921,1.8606866,-1.1644696,-1.2526667,0.96571573,0.22353165,0.99028397,-1.4833229,-1.2928454,0.48504576,-0.55246136,-0.99815837,-2.0217059,-1.5687054,-0.18890174,2.0881892,-0.2920861,-0.35463173,-1.8291543,-0.86256003,1.1862305,-0.4467593,-0.41783799,-0.42611107,0.33694848,1.0513205,-1.432395,1.0346933,-0.62353635,0.50458129,-1.71838,-2.1513231,1.1679279,-0.84330065,-0.01616247,-0.52241426,-1.7861472,1.4376596,0.08180561,-0.47903537,0.16208059,-0.95757286,-0.88172381,0.22189259,-0.64719635,-1.4090818,-1.1722713,-1.314551,-1.2669519,-0.55425432,-0.45488523,0.96648062,-2.7449537,-2.2095255,0.46822736,1.1805768,-0.65967554,-0.39498988,-0.19132461,1.7040532,-0.26274601,0.52249386
-1.7992959,-1.6283673,0.12046622,0.157383,0.09215689,-0.98553394,1.1428112,-1.6481858,-2.0218087,-2.020618,0.26353592,-0.82594525,-1.4471522,1.0622459,1.0970414,1.244916,-0.60684222,0.61293279,-0.31058967,-1.5162742,0.46366777,-0.36553364,-1.8655987,0.99426837,-0.31303404,1.4670446,-1.9568294,-1.7316954,-0.63286378,-1.6506166,0.15816609,1.260665,-1.3972341,0.47244337,0.23277741,0.89830876,0.35644734,-0.31413495,-1.5624387,0.92756239,0.66073184,-0.64288175,-0.87618761,-0.87011036,-1.4514621,0.45437965,-1.2654774,-1.5639223,-0.79773789,-2.2402066,0.75590479,-1.554835,0.58634803,-0.24491708,-1.3008557,1.1442559,-0.50052593,0.37656669,-0.09680343,1.2462882,-1.4093442,-0.16594829,1.405971,-0.2442339,-0.29659803,-1.4027787,-0.3784108,1.2143766,-2.4830014,-3.182544,-1.968351,-1.7601588,0.81308815,0.04363213,-0.99402486,-0.78262712,-1.2946748,-1.3878562,-0.51192819,-1.5637715,-0.92197599,1.3023161,-0.59744167,-0.17679619,1.075337,0.24724652,-1.2365209,0.44629964,-2.711405,2.1660008,0.85493237,1.2064917
-0.91010161,0.074528091,2.0709573,0.21092824,-0.55985665,-0.84808261,-0.99044723,0.14622028,-0.9654957,-1.19114,-0.096952763,-0.83604972,-0.67097567,0.67668509,0.005078473,0.62200517,-0.75435025,0.71156321,-0.43275927,-0.69809054,2.3648049,-0.11153342,0.59595113,-0.75991191,1.5601881,1.3999943,-0.60794157,-0.47746921,-1.740284,-1.1978295,-1.3505061,0.63939377,-1.4777251,-1.2448689,-0.39274477,-0.22042976,-0.1289274,-1.8590547,-0.64851843,0.85019677,-0.032257028,-0.78178287,-1.5331146,-0.94798851,-0.71347627,1.2378532,-0.59959311,-1.7843663,-1.041757,-0.76891015,-0.1898762,-1.75144,0.56041044,-0.51026072,-0.35197412,-0.72621018,-1.39786,1.2412166,-0.73971411,0.21206322,-2.2353048,-1.1443692,0.23459714,-0.73697557,-0.61539679,-0.64008612,-1.6324916,1.3265413,-1.7842735,-0.62218225,-1.9712912,1.3399639,0.35555894,0.46312863,-0.91933533,-0.43640104,-1.8485584,-1.0059182,-0.70948539,-1.0176254,-1.0975079,-0.083042715,-0.66456009,0.037634323,0.28202317,-0.1265834,-0.31581551,0.71427287,-1.003252,1.5194953,-0.47712432,-1.3928915
-0.7296247,-0.80306713,1.1066301,-2.0458384,0.07840973,-1.0037855,1.6557212,-0.73854811,-1.6127716,-0.49854714,-0.30594409,-0.48037416,-0.9796013,1.5598885,1.4268048,1.6395881,-1.0048182,1.0671739,-1.6522664,-0.60542296,1.3755598,-1.3387416,-0.74818242,1.2724776,-0.37012024,0.53731975,-1.1403558,-1.0193658,-1.258686,-1.5189745,-1.6050559,1.3287188,-0.651383,-1.365499,0.91128042,1.6812897,0.74111269,-1.7432071,-0.7426696,0.84121711,1.0546765,-1.8177853,-1.159742,-0.66476637,-0.78738294,0.796628,-0.17498187,-0.83061643,-0.59954856,0.0314888,1.2943334,-1.1457464,1.2983184,-1.1630743,0.12149728,1.2721663,-2.3415249,1.4656008,-0.9889256,1.5009816,-0.97409471,-0.35777402,1.3249448,-0.62951042,-1.5222793,-1.5472487,-0.55359329,1.6046042,-0.60270743,0.16139192,-0.40937423,-0.99028167,1.3849229,1.3252953,-2.0663482,-0.59340615,-0.46505298,-1.2752674,0.25797077,-0.16508436,0.24938183,1.5777332,0.25821737,-1.9265237,2.3171548,1.3879994,-0.65182729,0.76922188,-0.28056976,1.2235346,1.1042509,0.77661929
-0.86900076,-1.4394042,0.92464356,-1.9240742,-2.48402,-1.3948336,0.90565062,-0.83980856,-1.220607,-0.35350257,-0.97256012,-1.7078501,-1.2575051,0.92675786,0.85359586,0.92847822,-1.9705165,1.6206497,-1.1709309,-0.44979442,1.4716043,-1.1664453,-0.31727911,0.95367638,-2.2330117,0.35895809,-0.44858543,-1.0440104,-0.59616793,-1.3486673,0.006466462,0.10499977,-2.1472118,-1.0342382,2.0700305,0.86643297,1.8631327,-0.13606872,-0.33369773,1.3016446,0.22737112,-0.88520211,-1.3719556,-0.35747552,-1.4159476,0.51536172,0.26161344,-0.28477808,-1.0827449,0.098472205,0.65106902,0.13497119,0.44960648,-1.014063,-0.63120402,1.2750533,-0.58586505,0.20777116,-0.16872468,0.41244781,-0.99628705,-0.9199678,0.64032486,-0.22984708,-1.1736773,-0.556257,-0.64486791,1.0964264,0.98913111,-0.41282699,0.47300223,-1.5597169,1.0633994,0.16409821,0.16535934,-0.50892902,-1.302476,-0.4857408,-0.67173058,-1.1761102,-0.031968841,0.60374051,-0.45812057,-4.4322389,1.2662399,0.96574855,-2.7575101,0.28189486,-0.33674607,1.2322581,0.84208752,1.0865576
-0.87506189,-0.45922329,0.58872282,-0.76382932,-1.1027628,0.37101135,1.1653107,-1.0272368,-0.28981064,-0.24148346,-0.30578636,0.69250272,-0.26218495,0.08463414,1.6022467,0.30920737,-0.10981886,0.84971341,-0.03306324,-0.86574292,0.90162296,0.48297383,-1.2041229,1.06604,-1.0945696,1.6286957,-0.41239366,-0.67592164,-0.56252693,-0.1660249,0.81599787,0.93818403,-0.92956023,-0.25617092,0.69704497,1.413118,0.81578616,-0.03479807,0.45132014,1.1012281,0.01565982,-0.48041649,-1.0880976,-0.76357445,-0.6352307,-0.77920119,-0.62284484,0.306351,-0.28803706,-0.4347707,1.7883751,-0.15331139,0.61062927,-1.4949937,-0.62895708,0.86234049,-0.3647656,0.56840281,-2.1339001,1.3218229,0.57073295,-0.39659384,1.8869113,0.7041324,-0.69057607,0.49261372,-0.34925219,1.1484231,0.55527724,-0.49609224,0.09982132,-1.2856921,0.13688896,1.0157003,-0.39683675,0.63145361,-0.88600847,0.47148261,-2.0285529,-0.33531298,-2.8670286,1.2041791,-1.1848187,-0.24857552,0.90155624,2.1878952,-0.43192737,1.4660047,1.2993986,-0.36177459,0.72866605,1.9348937
-2.0889296,-2.1454035,0.80938268,-2.3253106,-1.4429096,-1.369129,0.99825301,-1.744827,-0.86857549,-1.3723567,0.60346677,-1.3510681,-1.9747986,-0.43386357,0.71162011,-0.28615579,-1.6968628,1.3562627,-0.93395446,-1.8464396,1.1756322,-0.87507375,-1.5730208,1.0051441,-1.1464418,-0.04704807,-1.4413155,-1.8445282,-1.0499732,-1.0360754,-0.51602948,-0.40153555,-2.6032607,-1.5649414,1.3233613,1.1266973,1.0014915,-0.82535848,-0.05916631,1.2744759,0.12864535,-1.8919346,-0.21334619,-0.6310016,-1.209055,-0.82828465,-2.0363288,-0.06061816,-0.23531761,-0.49319843,1.8950236,-0.61716429,0.5125459,-1.6059331,-3.2778442,1.5531981,-0.70730459,2.0426153,-1.517553,0.93086969,-1.1244089,0.81311451,1.6837709,-0.11689671,-0.88188596,-0.41530718,0.37661024,2.0678292,0.48942586,-1.0678272,0.13741324,-1.3383485,0.93524737,1.2175424,-1.3733088,-1.0593159,-0.69116105,-0.08247944,-0.99116668,-0.31198631,-2.0486416,1.7237313,-0.95412808,-0.19755317,0.96863858,1.1709718,-0.80346013,1.1923483,-0.6485733,-0.27144342,0.94500343,0.79157121
0.19850231,-0.40784892,0.21420367,-0.36985507,0.25391159,-0.17519013,1.008798,0.13862291,0.024466312,0.69437597,0.058761561,0.031889484,-0.41947431,1.5753927,1.5810846,1.567531,0.093790839,-1.2039597,0.067209063,-0.57550932,-0.19372167,-1.4599733,-1.3584344,1.3921691,-1.3762119,1.7860717,-0.43997717,0.58334635,-0.27005903,-0.73066392,0.49901174,0.92493351,-0.55403709,-0.84751221,1.5850826,1.4379516,1.6075099,0.070606215,-0.45662015,1.0694376,0.36785844,-0.94531729,-1.430693,-0.7553352,-0.3242374,-0.65770863,-2.242421,0.96127645,-1.3215498,0.009490427,1.2567745,-0.3392039,1.4351409,-0.34654778,-0.66910031,0.63265679,-0.7947688,0.93216034,-0.80838114,1.674318,0.1993174,-0.37439383,1.5236259,0.14268127,-1.5451003,-1.3756255,-1.6540169,1.1495826,-0.1599219,-0.03447555,-0.15476138,0.21052895,0.47140138,1.3756289,-0.67826171,-0.64459109,-0.39780062,-0.25160752,-0.034653251,0.44737972,-0.63286092,1.2642917,0.50611706,0.33711533,1.9244438,2.3817147,-0.6774677,1.5736368,1.6592973,-0.55282466,1.153332,1.595846
0.78081762,1.0916667,-0.59464551,0.52718391,1.1370466,0.80661808,-0.85559322,0.203462,0.80865661,0.11687936,0.46373965,1.4404208,0.8947811,-1.1380449,0.02655943,-1.2926317,0.66495058,0.07174824,0.13793301,1.5646811,-0.13931035,0.23093572,-0.92713129,-0.36852964,0.06513405,0.08772333,-0.07486092,1.6679289,0.96773973,0.40444008,0.66304155,-1.2688989,1.1125537,1.2773767,0.36144126,-0.80473911,-0.17889035,0.81529977,-0.62180343,-1.4834285,-0.64761887,-0.57507943,0.06939542,-0.2021457,0.2387236,-1.0844196,0.09908173,-0.18321636,0.53592515,0.89403127,-0.4251705,0.22301638,-0.06408959,-0.10099158,-1.8943575,-0.89326358,-0.96325054,0.58070671,-0.0880059,-1.2254285,1.572943,-1.5523286,-0.99228301,0.3959024,0.45862348,-0.12119689,0.55008243,0.2507132,-1.9530043,-0.25182716,0.62991137,-0.3499835,-0.04983932,-0.25274733,1.2215151,0.71784858,0.99321338,-0.9791335,1.025778,-0.09955741,-0.99741396,0.31743203,0.86565425,0.40575452,-0.3339145,-0.56420053,0.57113111,-3.3056628,-0.92719769,-1.6340396,-0.3254676,-0.653927
0.1306992,-0.57201329,1.3954226,-1.9541133,-1.6495829,-2.2242693,1.6759696,-0.29858906,-0.68841798,-0.12006976,-0.73522015,-1.6383312,-0.75382229,1.6523186,1.4001952,1.6294891,-2.2982758,1.1665829,-2.7999068,-0.74800724,0.1061172,-1.8696766,-0.12492308,1.4635207,-0.69211256,0.43996697,-0.63274834,-0.89681174,-0.27032414,-1.9086491,-1.8699918,0.87351049,-0.68772912,-2.1311211,1.516038,1.7012083,1.4962642,-1.1359408,-1.275137,0.56473952,1.3806578,-1.75683,0.43672596,0.15719886,-1.077861,1.1208769,-0.34686045,-0.84760178,0.35811507,-0.4051267,0.9128513,-0.15287748,1.1482378,-1.7714839,0.08675427,1.3319213,-1.5669985,0.35131463,-1.10236,1.3583951,-0.89772698,1.493699,0.72070622,-1.9623728,-3.455752,-1.6035553,0.55411115,0.73607366,0.08344257,0.1670202,0.22662195,-0.5141535,1.1992736,1.4447461,-1.5187843,-0.80628746,-0.1139468,-3.9235232,-1.8608108,-0.93725109,-0.64470461,0.52278993,-0.23783981,0.34720132,1.099205,1.6723041,-0.88151046,1.9131176,-0.04238534,1.3437853,1.5900132,0.74837111
-0.009567037,-1.3538984,-0.23669354,-0.63358434,-0.25564312,-0.38436548,0.031027655,-0.46314321,-0.15875734,0.89037211,0.98729441,-1.2657298,-0.039031767,-1.9519039,-1.1326643,-2.0801338,-0.85748146,-2.3992745,0.70348975,0.48895794,-0.16537849,-0.58700661,-0.67584837,0.01980165,-0.32632669,-0.93101387,0.63907853,-1.1598899,1.9778917,-0.10374757,-0.11636976,-1.9458055,0.8438733,0.73000284,-0.18643267,0.40132541,-0.63215057,1.4086869,1.2791004,0.44574141,1.011785,0.97861822,0.32704103,0.67416063,-0.1269616,-2.3687139,0.74116087,-0.63919939,0.34433806,0.92213641,0.69442579,1.0156669,-0.008126184,-2.1892462,-2.6177482,-1.4861622,1.0495464,-0.29870326,0.65779741,-0.36681696,0.93209261,-1.2160122,-0.19706251,1.1412455,-1.2792353,1.2769749,-1.3542104,-0.43926649,1.3601257,1.2122494,2.3608451,1.2592878,-1.9789529,-0.94765897,0.93805205,-1.3970419,0.63157138,0.82636826,0.56966226,0.60532523,-0.85619577,0.62853456,0.060249126,-1.0801112,-0.31736714,0.3720229,0.33017338,0.39020616,-0.37981748,-1.4176337,0.51844012,0.47226411
-1.5793795,-1.813728,0.59786687,-1.965828,-0.24959623,-0.6354665,0.92727677,-1.4625004,-1.3885381,-1.0850447,0.58045266,-0.62078303,-2.2224065,0.22792686,0.9039346,0.11680392,-1.0143843,0.81675227,-0.95151433,-1.7976259,2.241807,0.012223154,-1.8735409,1.0851556,-0.065933399,0.33993007,-1.0315575,-1.5557752,0.34371332,-0.61503738,0.84499381,0.053346982,-1.1056835,-0.72293453,0.28479072,1.2538585,0.23220385,-0.81832729,0.49408478,1.5684024,0.5582808,-0.47318617,0.32065263,0.044450189,-1.9903714,-0.27633077,-0.91985484,-1.3035215,0.095643506,-1.4861499,1.6395739,-0.60148335,0.56500612,-0.11618514,-1.998381,0.64626375,0.17215785,2.1305018,-0.06539214,1.0748761,0.1655834,0.65424408,1.5180675,-0.48632285,-1.1737869,0.076794084,-0.38337085,1.5642176,-2.3310634,-0.76919057,0.00401625,-0.33578144,1.5181776,0.76051246,0.26020386,-0.25230083,0.19623395,0.21880193,0.15631051,-1.0690085,-0.85478446,1.5270568,-2.1650725,-0.88903295,1.9352013,0.93968783,-0.007874342,1.165615,-1.2155026,-1.1249709,1.1801378,1.632106
-0.28942209,-0.34569636,1.0945865,-0.47363616,0.10560968,0.29913647,0.96390257,-0.17744139,0.26881852,0.40313058,-0.67858991,0.62558124,-0.50433998,0.9919846,1.3270073,0.87109171,-0.13182926,0.78242111,-0.61329526,-0.2747354,0.35171586,-0.03790156,-0.37447377,1.0237215,-0.87747776,0.68343077,-0.64578863,-0.57923798,-1.1604373,-0.09640629,0.63233264,0.48077915,-0.46637129,-0.44199734,2.3731583,1.0336894,2.2466871,-0.01470575,0.02230771,1.6593,0.70977109,-0.37192127,-0.59475004,-1.6743188,-0.36518612,0.70695665,-1.1856196,0.52059379,-0.92844187,0.01371789,1.0632764,-0.33384796,1.5514758,-2.1759598,0.57936907,0.14943591,-0.24519106,1.1626266,-0.46742672,1.1635521,0.29983632,-1.8779146,1.2221062,-0.57506179,-0.91979361,-0.21022458,-1.1212714,1.0054668,0.12393555,-0.24597127,-0.08866668,1.0662086,0.83169281,0.94822199,-0.51062271,-1.2626279,-0.74495076,0.47836068,-0.55899032,0.01860202,-0.166973,1.0303322,-0.12866625,-1.2430831,1.1316888,1.6638476,-0.45204715,1.0446207,-0.09791277,0.89360441,1.1974889,1.6675622
